g,quantity,model,alpha,xmin,ks,loglik,n
0.0,global inter-crime,powerlaw,1.9278402061177982,0.009999999999990905,0.24761203356016062,109891.73842967353,44808
1.0,global inter-crime,powerlaw,1.6983920224901488,0.009999999999990905,0.23734997968657295,53791.401650804226,29648
3.0,global inter-crime,powerlaw,1.5561036182559942,0.009999999999990905,0.2521555203992262,23937.995733904034,19619
0.0,per-cell inter-crime,powerlaw,1.1658875422369277,0.009999999999990905,0.2576723873031654,-113431.61428814985,26883
1.0,per-cell inter-crime,powerlaw,1.1627602717497902,0.04999999999998295,0.28396118613352517,-44447.82936930333,7453
3.0,per-cell inter-crime,powerlaw,1.154478795638787,0.10999999999998522,0.43568573217799333,-17456.4180766584,2447
